timestamp,sender_id,receiver_id,platform,message_type,response_status
2025-05-01 09:15:00,demo_sender_01,demo_receiver_A,Forum,direct message,unanswered
2025-05-01 11:10:00,demo_sender_02,demo_receiver_B,Email,comment,replied
2025-05-02 10:00:00,demo_sender_01,demo_receiver_A,Forum,direct message,unanswered
2025-05-02 14:20:00,demo_sender_03,demo_receiver_A,Chat,mention,replied
2025-05-03 08:45:00,demo_sender_04,demo_receiver_C,Email,direct message,unknown
2025-05-03 12:35:00,demo_sender_01,demo_receiver_A,Forum,direct message,unanswered
2025-05-04 09:30:00,demo_sender_02,demo_receiver_B,Email,comment,replied
2025-05-04 16:00:00,demo_sender_05,demo_receiver_D,Forum,mention,replied
2025-05-05 07:40:00,demo_sender_01,demo_receiver_A,Chat,direct message,unanswered
2025-05-05 13:00:00,demo_sender_06,demo_receiver_E,Email,comment,unknown
2025-05-06 08:10:00,demo_sender_01,demo_receiver_A,Forum,direct message,unanswered
2025-05-06 10:45:00,demo_sender_03,demo_receiver_A,Chat,mention,replied
2025-05-07 09:00:00,demo_sender_02,demo_receiver_B,Email,comment,replied
2025-05-07 11:20:00,demo_sender_01,demo_receiver_A,Chat,direct message,unanswered
2025-05-08 15:15:00,demo_sender_04,demo_receiver_C,Email,direct message,unknown
2025-05-08 16:30:00,demo_sender_05,demo_receiver_D,Forum,mention,replied
2025-05-09 08:00:00,demo_sender_01,demo_receiver_A,Forum,direct message,unanswered
2025-05-10 10:20:00,demo_sender_03,demo_receiver_A,Chat,mention,replied
2025-05-11 09:10:00,demo_sender_02,demo_receiver_B,Email,comment,replied
2025-05-12 08:05:00,demo_sender_01,demo_receiver_A,Chat,direct message,unanswered
2025-05-12 18:15:00,demo_sender_01,demo_receiver_A,Forum,direct message,unanswered
2025-05-13 12:10:00,demo_sender_06,demo_receiver_E,Email,comment,unknown
2025-05-14 07:55:00,demo_sender_01,demo_receiver_A,Forum,direct message,unanswered
2025-05-15 09:30:00,demo_sender_03,demo_receiver_A,Chat,mention,replied
2025-05-16 08:00:00,demo_sender_01,demo_receiver_A,Chat,direct message,unanswered
2025-05-17 10:30:00,demo_sender_05,demo_receiver_D,Forum,mention,replied
2025-05-18 08:20:00,demo_sender_01,demo_receiver_A,Forum,direct message,unanswered
2025-05-19 11:50:00,demo_sender_02,demo_receiver_B,Email,comment,replied
2025-05-20 09:00:00,demo_sender_01,demo_receiver_A,Chat,direct message,unanswered
2025-05-21 14:00:00,demo_sender_04,demo_receiver_C,Email,direct message,unknown
